/*
SQLyog v10.2 
MySQL - 5.7.15-log : Database - shop
*********************************************************************
*/

/*!40101 SET NAMES utf8 */;

/*!40101 SET SQL_MODE=''*/;

/*!40014 SET @OLD_UNIQUE_CHECKS=@@UNIQUE_CHECKS, UNIQUE_CHECKS=0 */;
/*!40014 SET @OLD_FOREIGN_KEY_CHECKS=@@FOREIGN_KEY_CHECKS, FOREIGN_KEY_CHECKS=0 */;
/*!40101 SET @OLD_SQL_MODE=@@SQL_MODE, SQL_MODE='NO_AUTO_VALUE_ON_ZERO' */;
/*!40111 SET @OLD_SQL_NOTES=@@SQL_NOTES, SQL_NOTES=0 */;
CREATE DATABASE /*!32312 IF NOT EXISTS*/`shop` /*!40100 DEFAULT CHARACTER SET utf8 */;

USE `shop`;

/*Table structure for table `adminuser` */

DROP TABLE IF EXISTS `adminuser`;

CREATE TABLE `adminuser` (
  `uid` int(11) NOT NULL AUTO_INCREMENT,
  `username` varchar(255) DEFAULT NULL,
  `password` varchar(255) DEFAULT NULL,
  PRIMARY KEY (`uid`)
) ENGINE=InnoDB AUTO_INCREMENT=3 DEFAULT CHARSET=utf8;

/*Data for the table `adminuser` */

insert  into `adminuser`(`uid`,`username`,`password`) values (2,'admin','admin');

/*Table structure for table `category` */

DROP TABLE IF EXISTS `category`;

CREATE TABLE `category` (
  `cid` int(11) NOT NULL AUTO_INCREMENT,
  `cname` varchar(255) DEFAULT NULL,
  PRIMARY KEY (`cid`)
) ENGINE=InnoDB AUTO_INCREMENT=9 DEFAULT CHARSET=utf8;

/*Data for the table `category` */

insert  into `category`(`cid`,`cname`) values (1,'女装男装'),(2,'鞋靴箱包'),(3,'运动户外'),(4,'珠宝配饰'),(5,'手机数码'),(6,'家电办公'),(7,'护肤彩妆'),(8,'家居饰品');

/*Table structure for table `categorysecond` */

DROP TABLE IF EXISTS `categorysecond`;

CREATE TABLE `categorysecond` (
  `csid` int(11) NOT NULL AUTO_INCREMENT,
  `csname` varchar(255) DEFAULT NULL,
  `cid` int(11) DEFAULT NULL,
  PRIMARY KEY (`csid`),
  KEY `FK936FCAF21DB1FD15` (`cid`),
  CONSTRAINT `FK936FCAF21DB1FD15` FOREIGN KEY (`cid`) REFERENCES `category` (`cid`)
) ENGINE=InnoDB AUTO_INCREMENT=44 DEFAULT CHARSET=utf8;

/*Data for the table `categorysecond` */

insert  into `categorysecond`(`csid`,`csname`,`cid`) values (1,'潮流女装',1),(2,'初冬羽绒',1),(3,'毛呢大衣',1),(4,'温暖毛衣',1),(5,'精选男装',1),(6,'冬季外套',1),(7,'羽绒服',1),(9,'女鞋',2),(10,'短靴',2),(11,'男鞋',2),(12,'女包',2),(13,'男包',2),(14,'服饰配件',2),(15,'运动鞋',3),(16,'运动服',3),(17,'户外运动',3),(18,'健身装备',3),(19,'骑行装备',3),(20,'珠宝首饰',4),(21,'时尚饰品',4),(22,'品质手表',4),(23,'眼镜配饰',4),(24,'手机',5),(25,'平板',5),(26,'电脑',5),(27,'相机',5),(28,'大家电',6),(29,'厨房电器',6),(30,'生活电器',6),(31,'个户电器',6),(32,'办公耗材',6),(33,'美容护肤',7),(34,'强效保养',7),(35,'超值彩妆',7),(36,'换季保养',7),(43,'智能家居',8);

/*Table structure for table `orderitem` */

DROP TABLE IF EXISTS `orderitem`;

CREATE TABLE `orderitem` (
  `itemid` int(11) NOT NULL AUTO_INCREMENT,
  `count` int(11) DEFAULT NULL,
  `subtotal` double DEFAULT NULL,
  `pid` int(11) DEFAULT NULL,
  `oid` int(11) DEFAULT NULL,
  `uid` int(11) DEFAULT NULL,
  PRIMARY KEY (`itemid`),
  KEY `FKE8B2AB6166C01961` (`oid`),
  KEY `FKE8B2AB6171DB7AE4` (`pid`),
  KEY `FKE8B2AB6140ACF87A` (`oid`),
  KEY `FKE8B2AB61ECC0522A` (`uid`),
  CONSTRAINT `FKE8B2AB6140ACF87A` FOREIGN KEY (`oid`) REFERENCES `orders` (`oid`),
  CONSTRAINT `FKE8B2AB6171DB7AE4` FOREIGN KEY (`pid`) REFERENCES `product` (`pid`),
  CONSTRAINT `FKE8B2AB61ECC0522A` FOREIGN KEY (`uid`) REFERENCES `orders` (`oid`)
) ENGINE=InnoDB AUTO_INCREMENT=53 DEFAULT CHARSET=utf8;

/*Data for the table `orderitem` */

insert  into `orderitem`(`itemid`,`count`,`subtotal`,`pid`,`oid`,`uid`) values (3,1,172,2,2000,NULL),(4,1,358,51,3000,NULL),(5,1,590,7,4000,NULL),(6,1,172,2,5000,NULL),(7,1,228,1,5000,NULL),(8,1,119,5,5000,NULL),(11,1,358,51,8000,NULL),(12,1,83,68,9000,NULL),(13,1,83,66,9001,NULL),(14,1,172,2,9001,NULL),(15,1,228,1,9002,NULL),(17,1,98,71,9004,9004),(18,1,299,57,9005,9005),(19,1,98,71,9006,9006),(20,1,186,32,9007,9007),(21,1,9900,16,9007,9007),(22,1,98,71,9008,9008),(23,1,98,71,9009,9009),(24,1,119,3,9010,9010),(25,1,119,3,9011,9011),(26,1,198,26,9012,9012),(27,1,228,1,9012,9012),(28,1,228,1,9013,9013),(29,1,198,26,9013,9013),(30,1,198,26,9014,9014),(31,1,228,1,9014,9014),(32,1,198,26,9015,9015),(33,1,228,1,9015,9015),(34,1,9900,12,9016,9016),(35,1,9900,12,9017,9017),(36,1,358,51,9018,9018),(37,1,186,41,9019,9019),(38,1,9900,12,9021,9021),(39,1,98,71,9022,9022),(40,2,176,75,9023,9023),(41,1,88,74,9023,9023),(42,1,98,71,9024,9024),(43,3,249,68,9025,9025),(44,1,198,21,9026,9026),(45,1,83,68,9026,9026),(46,1,9900,11,9027,9027),(47,1,186,41,9028,9028),(48,1,299,57,9029,9029),(49,1,186,41,9030,9030),(50,1,83,68,9032,9032),(51,2,166,68,9033,9033),(52,1,83,68,9034,9034);

/*Table structure for table `orders` */

DROP TABLE IF EXISTS `orders`;

CREATE TABLE `orders` (
  `oid` int(11) NOT NULL AUTO_INCREMENT,
  `total` double DEFAULT NULL,
  `ordertime` varchar(40) DEFAULT NULL,
  `state` int(11) DEFAULT NULL,
  `name` varchar(21) DEFAULT NULL,
  `phone` varchar(20) DEFAULT NULL,
  `addr` varchar(60) DEFAULT NULL,
  `uid` int(11) DEFAULT NULL,
  PRIMARY KEY (`oid`),
  KEY `FKC3DF62E5AA3D9C7` (`uid`),
  CONSTRAINT `FKC3DF62E5AA3D9C7` FOREIGN KEY (`uid`) REFERENCES `user` (`uid`)
) ENGINE=InnoDB AUTO_INCREMENT=9035 DEFAULT CHARSET=utf8;

/*Data for the table `orders` */

insert  into `orders`(`oid`,`total`,`ordertime`,`state`,`name`,`phone`,`addr`,`uid`) values (2000,370,'2015-02-11 10:04:23',1,NULL,NULL,NULL,7),(3000,358,'2015-02-11 10:46:41',1,NULL,NULL,NULL,7),(4000,590,'2015-02-11 10:46:47',1,NULL,NULL,NULL,7),(5000,519,'2015-02-11 10:47:01',1,NULL,NULL,NULL,7),(6000,125,'2015-02-11 10:47:07',1,NULL,NULL,NULL,7),(7000,83,'2015-02-11 10:47:15',1,'姜涛','15726607618','北京市西三旗中腾建华3楼',7),(8000,358,'2015-02-11 11:17:22',2,'姜涛','15726607618','北京市西三旗中腾建华3楼',7),(9000,83,'2015-02-11 11:23:26',2,'姜涛','15726607618','北京市西三旗中腾建华3楼',7),(9001,255,'2015-02-23 21:31:19',1,NULL,NULL,NULL,7),(9002,228,'2015-02-27 09:07:55',1,NULL,NULL,NULL,7),(9003,5099,'2015-02-27 15:35:53',4,'姜涛','15726607618','北京市西三旗中腾建华3楼',7),(9004,98,'2015-02-27 14:35:53',1,NULL,NULL,NULL,7),(9005,299,'2015-02-27 15:36:53',1,NULL,NULL,NULL,7),(9006,98,'2015-02-27 17:35:53',1,NULL,NULL,NULL,7),(9007,10086,'2015-02-27 18:35:53',1,NULL,NULL,NULL,7),(9008,98,'2015-02-27 19:35:53',1,NULL,NULL,NULL,7),(9009,98,'2015-02-27 05:35:53',1,NULL,NULL,NULL,7),(9010,119,'2015-03-27 05:35:53',1,NULL,NULL,NULL,7),(9011,119,'2017-05-29 21:01:46',1,NULL,NULL,NULL,7),(9012,426,'2017-05-29 22:24:33',1,NULL,NULL,NULL,7),(9013,426,'2017-05-29 22:25:23',1,NULL,NULL,NULL,7),(9014,426,'2017-05-29 22:26:10',1,NULL,NULL,NULL,7),(9015,426,'2017-05-29 22:26:12',1,NULL,NULL,NULL,7),(9016,9900,'2017-05-29 23:35:12',1,NULL,NULL,NULL,7),(9017,9900,'2017-05-30 08:37:25',1,NULL,NULL,NULL,7),(9018,358,'2017-05-31 19:50:30',1,NULL,NULL,NULL,7),(9019,186,'2017-06-01 19:06:48',1,NULL,NULL,NULL,16),(9020,0,'2017-06-01 19:07:43',1,NULL,NULL,NULL,16),(9021,9900,'2017-06-01 19:14:18',1,NULL,NULL,NULL,16),(9022,98,'2017-06-05 20:22:28',1,NULL,NULL,NULL,16),(9023,264,'2017-06-11 17:24:52',1,NULL,NULL,NULL,18),(9024,98,'2017-06-11 17:26:34',1,NULL,NULL,NULL,18),(9025,249,'2017-06-11 18:01:46',1,NULL,NULL,NULL,19),(9026,281,'2017-06-14 23:32:04',1,NULL,NULL,NULL,18),(9027,9900,'2017-06-15 15:48:44',1,NULL,NULL,NULL,18),(9028,186,'2017-10-15 20:00:17',1,NULL,NULL,NULL,18),(9029,299,'2018-09-13 16:13:50',1,NULL,NULL,NULL,16),(9030,186,'2018-09-13 16:14:18',1,NULL,NULL,NULL,16),(9031,0,'2018-09-13 16:14:47',1,NULL,NULL,NULL,16),(9032,83,'2018-09-14 10:54:21',1,NULL,NULL,NULL,16),(9033,166,'2018-09-15 10:15:38',1,NULL,NULL,NULL,16),(9034,83,'2018-09-15 10:15:55',1,NULL,NULL,NULL,16);

/*Table structure for table `product` */

DROP TABLE IF EXISTS `product`;

CREATE TABLE `product` (
  `pid` int(11) NOT NULL AUTO_INCREMENT,
  `pname` varchar(255) DEFAULT NULL,
  `market_price` double DEFAULT NULL,
  `shop_price` double DEFAULT NULL,
  `image` varchar(255) DEFAULT NULL,
  `pdesc` varchar(255) DEFAULT NULL,
  `is_hot` int(11) DEFAULT NULL,
  `pdate` varchar(80) DEFAULT NULL,
  `csid` int(11) DEFAULT NULL,
  PRIMARY KEY (`pid`),
  KEY `FKED8DCCEFB9B74E02` (`csid`),
  CONSTRAINT `FKED8DCCEFB9B74E02` FOREIGN KEY (`csid`) REFERENCES `categorysecond` (`csid`)
) ENGINE=InnoDB AUTO_INCREMENT=107 DEFAULT CHARSET=utf8;

/*Data for the table `product` */

insert  into `product`(`pid`,`pname`,`market_price`,`shop_price`,`image`,`pdesc`,`is_hot`,`pdate`,`csid`) values (1,'韩版连帽加厚毛衣女外套',558,228,'products/1/cs10001.jpg','双11限量200件，拍完下架，加车享优惠，早下手早发货。。秋冬个性中长款毛衣，美丽和温度同在！限量供应，拒绝撞衫！迫于纱线和人工在不断上涨的双重压力下，产品涨价在即！少量现货出售中，手快有，手慢等哦，赶紧抢哦，绝对高大上。',1,'2014-11-02 20:18:00',1),(2,'女装立领长袖拼接PU皮毛呢外套',436,172,'products/1/cs10002.jpg','【现在拍下并支付定金，即可获得双12当天10元无门槛优惠券一张。注：只限有预付定金款~优惠券统一在12月11号发放】 毛呢外套 整洁干练的长款版型 整个肩部给予皮绒拼接 与毛呢一起撑起品质感 立领 长袖 肩部往下做流行加层拼接 一粒扣收合门襟 特意做的夹棉里层（袖里无） 不必再畏惧冷冽寒风',0,'2014-11-04 20:18:00',1),(3,'韩版女装翻领羔绒夹棉格子毛呢外套',238,119,'products/1/cs10003.jpg','外套款。 称为棉衣也不为过 或者因为它的表层毛呢　称呼为毛呢外套 ｙａｎｇ　羔绒位于翻领及袖口 从视觉着手　带来温暖无限 夹棉里衬（袖里也有）再次提升御寒功能 流行元素上　选择红黑格纹理　大气而又经典 金属拉链开叉　插袋自不会少',0,'2014-10-01 20:18:00',1),(4,'韩版女装翻领羔绒夹棉格子毛呢外套',238,119,'products/1/cs10004.jpg','外套款。 称为棉衣也不为过 或者因为它的表层毛呢　称呼为毛呢外套 ｙａｎｇ　羔绒位于翻领及袖口 从视觉着手　带来温暖无限 夹棉里衬（袖里也有）再次提升御寒功能 流行元素上　选择红黑格纹理　大气而又经典 金属拉链开叉　插袋自不会少',0,'2014-12-07 20:18:00',1),(5,'韩版女装翻领羔绒夹棉格子毛呢外套',238,119,'products/1/cs10005.jpg','外套款。 称为棉衣也不为过 或者因为它的表层毛呢　称呼为毛呢外套 ｙａｎｇ　羔绒位于翻领及袖口 从视觉着手　带来温暖无限 夹棉里衬（袖里也有）再次提升御寒功能 流行元素上　选择红黑格纹理　大气而又经典 金属拉链开叉　插袋自不会少',0,'2014-11-02 20:18:00',1),(6,'冬装韩版女装翻领羔绒夹棉格子毛呢外套',238,119,'products/1/cs10006.jpg','外套款。 称为棉衣也不为过 或者因为它的表层毛呢　称呼为毛呢外套 ｙａｎｇ　羔绒位于翻领及袖口 从视觉着手　带来温暖无限 夹棉里衬（袖里也有）再次提升御寒功能 流行元素上　选择红黑格纹理　大气而又经典 金属拉链开叉　插袋自不会少',0,'2014-11-10 15:18:00',1),(7,'新款优雅奢华毛领白鸭绒轻薄羽绒服',1120,590,'products/1/cs10007.jpg','秋冬热卖款，今日特惠！库存有限，卖完即止！喜欢的赶紧出手哦！',0,'2014-11-03 20:18:00',1),(8,'秋冬季毛呢外套女中长款圆领小香风呢子大衣',672,336,'products/1/cs10008.jpg','【双12预售】双12提前开抢，11月24日—12月11日抢先付预付款33.6元，12月12日付剩余尾款，先付先发货，提前引爆双12！！！买就【送】双十二10元无门槛优惠券！！！商家【赠】运费险！！！',0,'2014-11-03 20:18:00',1),(9,'女装貉子毛大衣 时尚修身长袖淑女毛呢外套',238,119,'products/1/cs10009.jpg','秋冬热卖款，今日特惠！库存有限，卖完即止！喜欢的赶紧出手哦！',0,'2014-11-03 20:18:00',1),(10,'修身显瘦淑女针织长袖打底连衣裙女',356,158,'products/1/cs10010.jpg','【1212万能盛典预售抢先购,早买早便宜！】定金15.80元，预售价158.00元，双12价涨价至178.00元!',0,'2014-11-03 20:18:00',1),(11,'整貂皮大衣外套中长款收腰立领长袖进口真皮草裘皮',19800,9900,'products/1/cs20001.jpg','采用100%进口小母貂 毛皮结实柔软毛峰更有光泽 保暖效果极强。　 【正品保证】我们承诺100%整皮水貂 假一罚十 支持验货 无理由退换货 【售后保障】终身免费保养维修',0,'2014-11-03 20:18:00',2),(12,'整貂皮大衣外套中长款收腰立领长袖进口真皮草裘皮',19800,9900,'products/1/cs20002.jpg','采用100%进口小母貂 毛皮结实柔软毛峰更有光泽 保暖效果极强。　 【正品保证】我们承诺100%整皮水貂 假一罚十 支持验货 无理由退换货 【售后保障】终身免费保养维修',0,'2014-11-03 20:18:00',2),(13,'整貂皮大衣外套中长款收腰立领长袖进口真皮草裘皮',19800,9900,'products/1/cs20003.jpg','采用100%进口小母貂 毛皮结实柔软毛峰更有光泽 保暖效果极强。　 【正品保证】我们承诺100%整皮水貂 假一罚十 支持验货 无理由退换货 【售后保障】终身免费保养维修',0,'2014-11-03 20:18:00',2),(14,'整貂皮大衣外套中长款收腰立领长袖进口真皮草裘皮',19800,9900,'products/1/cs20004.jpg','采用100%进口小母貂 毛皮结实柔软毛峰更有光泽 保暖效果极强。　 【正品保证】我们承诺100%整皮水貂 假一罚十 支持验货 无理由退换货 【售后保障】终身免费保养维修',0,'2014-11-03 20:18:00',2),(15,'整貂皮大衣外套中长款收腰立领长袖进口真皮草裘皮',19800,9900,'products/1/cs20005.jpg','采用100%进口小母貂 毛皮结实柔软毛峰更有光泽 保暖效果极强。　 【正品保证】我们承诺100%整皮水貂 假一罚十 支持验货 无理由退换货 【售后保障】终身免费保养维修',0,'2014-11-03 20:18:00',2),(16,'整貂皮大衣外套中长款收腰立领长袖进口真皮草裘皮',19800,9900,'products/1/cs20006.jpg','采用100%进口小母貂 毛皮结实柔软毛峰更有光泽 保暖效果极强。　 【正品保证】我们承诺100%整皮水貂 假一罚十 支持验货 无理由退换货 【售后保障】终身免费保养维修',0,'2014-11-03 20:18:00',2),(17,'整貂皮大衣外套中长款收腰立领长袖进口真皮草裘皮',19800,9900,'products/1/cs20007.jpg','采用100%进口小母貂 毛皮结实柔软毛峰更有光泽 保暖效果极强。　 【正品保证】我们承诺100%整皮水貂 假一罚十 支持验货 无理由退换货 【售后保障】终身免费保养维修',0,'2014-11-03 20:18:00',2),(18,'整貂皮大衣外套中长款收腰立领长袖进口真皮草裘皮',19800,9900,'products/1/cs20008.jpg','采用100%进口小母貂 毛皮结实柔软毛峰更有光泽 保暖效果极强。　 【正品保证】我们承诺100%整皮水貂 假一罚十 支持验货 无理由退换货 【售后保障】终身免费保养维修',0,'2014-11-03 20:18:00',2),(19,'整貂皮大衣外套中长款收腰立领长袖进口真皮草裘皮',19800,9900,'products/1/cs20009.jpg','采用100%进口小母貂 毛皮结实柔软毛峰更有光泽 保暖效果极强。　 【正品保证】我们承诺100%整皮水貂 假一罚十 支持验货 无理由退换货 【售后保障】终身免费保养维修',0,'2014-10-01 20:18:00',2),(20,'中长款貂皮大衣整貂女装',17900,7290,'products/1/cs20010.jpg','采用100%进口小母貂 毛皮结实柔软毛峰更有光泽 保暖效果极强。　 【正品保证】【售后保障】我们承诺100%整皮水貂 假一罚十 支持验货 无理由退换货',0,'2014-11-03 20:18:00',2),(21,'韩版毛呢外套女韩范秋冬装厚中长款冬季呢子',598,198,'products/1/cs30001.png','今年韩国首尔爆款，超高端定制羊毛呢大衣，版型超美，不挑身材，不挑年龄，上身非常漂亮哦，适合任何场合，这个秋冬MM必备款哦。几乎人手一件，美丽时尚的你怎么能少了这件呢，现秋冬预热加十一到来，只需99元包邮，只限今天，今天过后马上涨价，早买早划算哦~',1,'2014-11-03 20:18:00',3),(22,'韩版毛呢外套女韩范秋冬装厚中长款冬季呢子',598,198,'products/1/cs30002.png','今年韩国首尔爆款，超高端定制羊毛呢大衣，版型超美，不挑身材，不挑年龄，上身非常漂亮哦，适合任何场合，这个秋冬MM必备款哦。几乎人手一件，美丽时尚的你怎么能少了这件呢，现秋冬预热加十一到来，只需99元包邮，只限今天，今天过后马上涨价，早买早划算哦~',0,'2014-11-03 20:18:00',3),(23,'韩版毛呢外套女韩范秋冬装厚中长款冬季呢子',598,198,'products/1/cs30003.png','今年韩国首尔爆款，超高端定制羊毛呢大衣，版型超美，不挑身材，不挑年龄，上身非常漂亮哦，适合任何场合，这个秋冬MM必备款哦。几乎人手一件，美丽时尚的你怎么能少了这件呢，现秋冬预热加十一到来，只需99元包邮，只限今天，今天过后马上涨价，早买早划算哦~',0,'2014-11-03 20:18:00',3),(24,'韩版毛呢外套女韩范秋冬装厚中长款冬季呢子',598,198,'products/1/cs30004.png','今年韩国首尔爆款，超高端定制羊毛呢大衣，版型超美，不挑身材，不挑年龄，上身非常漂亮哦，适合任何场合，这个秋冬MM必备款哦。几乎人手一件，美丽时尚的你怎么能少了这件呢，现秋冬预热加十一到来，只需99元包邮，只限今天，今天过后马上涨价，早买早划算哦~',0,'2014-11-03 20:18:00',3),(25,'韩版毛呢外套女韩范秋冬装厚中长款冬季呢子',598,198,'products/1/cs30005.png','今年韩国首尔爆款，超高端定制羊毛呢大衣，版型超美，不挑身材，不挑年龄，上身非常漂亮哦，适合任何场合，这个秋冬MM必备款哦。几乎人手一件，美丽时尚的你怎么能少了这件呢，现秋冬预热加十一到来，只需99元包邮，只限今天，今天过后马上涨价，早买早划算哦~',0,'2014-11-03 20:18:00',3),(26,'韩版毛呢外套女韩范秋冬装厚中长款冬季呢子',598,198,'products/1/cs30006.png','今年韩国首尔爆款，超高端定制羊毛呢大衣，版型超美，不挑身材，不挑年龄，上身非常漂亮哦，适合任何场合，这个秋冬MM必备款哦。几乎人手一件，美丽时尚的你怎么能少了这件呢，现秋冬预热加十一到来，只需99元包邮，只限今天，今天过后马上涨价，早买早划算哦~',0,'2014-11-03 20:18:00',3),(27,'韩版毛呢外套女韩范秋冬装厚中长款冬季呢子',598,198,'products/1/cs30007.png','今年韩国首尔爆款，超高端定制羊毛呢大衣，版型超美，不挑身材，不挑年龄，上身非常漂亮哦，适合任何场合，这个秋冬MM必备款哦。几乎人手一件，美丽时尚的你怎么能少了这件呢，现秋冬预热加十一到来，只需99元包邮，只限今天，今天过后马上涨价，早买早划算哦~',0,'2014-11-03 20:18:00',3),(28,'韩版毛呢外套女韩范秋冬装厚中长款冬季呢子',598,198,'products/1/cs30008.png','今年韩国首尔爆款，超高端定制羊毛呢大衣，版型超美，不挑身材，不挑年龄，上身非常漂亮哦，适合任何场合，这个秋冬MM必备款哦。几乎人手一件，美丽时尚的你怎么能少了这件呢，现秋冬预热加十一到来，只需99元包邮，只限今天，今天过后马上涨价，早买早划算哦~',0,'2014-11-03 20:18:00',3),(29,'韩版毛呢外套女韩范秋冬装厚中长款冬季呢子',598,198,'products/1/cs30009.png','今年韩国首尔爆款，超高端定制羊毛呢大衣，版型超美，不挑身材，不挑年龄，上身非常漂亮哦，适合任何场合，这个秋冬MM必备款哦。几乎人手一件，美丽时尚的你怎么能少了这件呢，现秋冬预热加十一到来，只需99元包邮，只限今天，今天过后马上涨价，早买早划算哦~',0,'2014-11-03 20:18:00',3),(30,'韩版毛呢外套女韩范秋冬装厚中长款冬季呢子',598,198,'products/1/cs30010.png','今年韩国首尔爆款，超高端定制羊毛呢大衣，版型超美，不挑身材，不挑年龄，上身非常漂亮哦，适合任何场合，这个秋冬MM必备款哦。几乎人手一件，美丽时尚的你怎么能少了这件呢，现秋冬预热加十一到来，只需99元包邮，只限今天，今天过后马上涨价，早买早划算哦~',0,'2014-11-10 20:18:00',3),(31,'打底衫加厚修身羊毛衫女装羊绒衫',387,186,'products/1/cs40001.png','本产品 不起球 不掉色 不缩水 是一款贴身必备的厚款羊绒衫 质量保证支持退换',0,'2014-11-03 20:18:00',4),(32,'打底衫加厚修身羊毛衫女装羊绒衫',387,186,'products/1/cs40002.png','本产品 不起球 不掉色 不缩水 是一款贴身必备的厚款羊绒衫 质量保证支持退换',0,'2014-11-03 20:18:00',4),(33,'打底衫加厚修身羊毛衫女装羊绒衫',387,186,'products/1/cs40003.png','本产品 不起球 不掉色 不缩水 是一款贴身必备的厚款羊绒衫 质量保证支持退换',0,'2014-11-03 20:18:00',4),(34,'性感时尚 酷感黑色小圆领露肩修身长袖针织衫',387,186,'products/1/cs40004.jpg','本产品 不起球 不掉色 不缩水 是一款贴身必备的厚款羊绒衫 质量保证支持退换',0,'2014-11-03 20:18:00',4),(35,'韩版黑色打底衫加厚修身羊毛衫女装羊绒衫',387,186,'products/1/cs40005.png','本产品 不起球 不掉色 不缩水 是一款贴身必备的厚款羊绒衫 质量保证支持退换',1,'2014-11-03 20:18:00',4),(36,'韩版黑色打底衫加厚修身羊毛衫女装羊绒衫',387,186,'products/1/cs40006.png','本产品 不起球 不掉色 不缩水 是一款贴身必备的厚款羊绒衫 质量保证支持退换',0,'2014-11-03 20:18:00',4),(37,'韩版黑色打底衫加厚修身羊毛衫女装羊绒衫',387,186,'products/1/cs40007.png','本产品 不起球 不掉色 不缩水 是一款贴身必备的厚款羊绒衫 质量保证支持退换',0,'2014-11-03 20:18:00',4),(38,'韩版黑色打底衫加厚修身羊毛衫女装羊绒衫',387,186,'products/1/cs40008.png','本产品 不起球 不掉色 不缩水 是一款贴身必备的厚款羊绒衫 质量保证支持退换',0,'2014-11-03 20:18:00',4),(39,'韩版黑色打底衫加厚修身羊毛衫女装羊绒衫',387,186,'products/1/cs40009.png','本产品 不起球 不掉色 不缩水 是一款贴身必备的厚款羊绒衫 质量保证支持退换',0,'2014-11-03 20:18:00',4),(40,'韩版黑色打底衫加厚修身羊毛衫女装羊绒衫',387,186,'products/1/cs40010.png','本产品 不起球 不掉色 不缩水 是一款贴身必备的厚款羊绒衫 质量保证支持退换',0,'2014-11-03 20:18:00',4),(41,'韩版黑色打底衫加厚修身羊毛衫女装羊绒衫',387,186,'products/1/cs40011.png','本产品 不起球 不掉色 不缩水 是一款贴身必备的厚款羊绒衫 质量保证支持退换',1,'2014-11-03 20:18:00',4),(42,'冬装外套棉衣立领修身商务大码男装潮牌上衣',899,358,'products/1/cs50001.png','【型男卖点简介】该款凭借其独特的设计、精选的面料和一致的时尚理念，以质感都市，充满时尚感的设计风格， 简约毛呢大衣，修身不变形，不起球，国际大牌一样的面料！面料成分：77.8%聚酯纤维+22.2%粘纤 秋冬简约修身防静电呢风衣外套',1,'2014-11-03 20:18:00',5),(43,'冬装外套棉衣立领修身商务大码男装潮牌上衣',899,358,'products/1/cs50002.png','【型男卖点简介】该款凭借其独特的设计、精选的面料和一致的时尚理念，以质感都市，充满时尚感的设计风格， 简约毛呢大衣，修身不变形，不起球，国际大牌一样的面料！面料成分：77.8%聚酯纤维+22.2%粘纤 秋冬简约修身防静电呢风衣外套',0,'2014-11-03 20:18:00',5),(44,'冬装外套棉衣立领修身商务大码男装潮牌上衣',899,358,'products/1/cs50003.png','【型男卖点简介】该款凭借其独特的设计、精选的面料和一致的时尚理念，以质感都市，充满时尚感的设计风格， 简约毛呢大衣，修身不变形，不起球，国际大牌一样的面料！面料成分：77.8%聚酯纤维+22.2%粘纤 秋冬简约修身防静电呢风衣外套',1,'2014-11-03 20:18:00',5),(45,'冬装外套棉衣立领修身商务大码男装潮牌上衣',899,358,'products/1/cs50004.png','【型男卖点简介】该款凭借其独特的设计、精选的面料和一致的时尚理念，以质感都市，充满时尚感的设计风格， 简约毛呢大衣，修身不变形，不起球，国际大牌一样的面料！面料成分：77.8%聚酯纤维+22.2%粘纤 秋冬简约修身防静电呢风衣外套',0,'2014-12-07 20:18:00',5),(46,'冬装外套棉衣立领修身商务大码男装潮牌上衣',899,358,'products/1/cs50005.png','【型男卖点简介】该款凭借其独特的设计、精选的面料和一致的时尚理念，以质感都市，充满时尚感的设计风格， 简约毛呢大衣，修身不变形，不起球，国际大牌一样的面料！面料成分：77.8%聚酯纤维+22.2%粘纤 秋冬简约修身防静电呢风衣外套',0,'2014-11-03 20:18:00',5),(47,'冬装外套棉衣立领修身商务大码男装潮牌上衣',899,358,'products/1/cs50006.png','【型男卖点简介】该款凭借其独特的设计、精选的面料和一致的时尚理念，以质感都市，充满时尚感的设计风格， 简约毛呢大衣，修身不变形，不起球，国际大牌一样的面料！面料成分：77.8%聚酯纤维+22.2%粘纤 秋冬简约修身防静电呢风衣外套',1,'2014-11-03 20:18:00',5),(48,'冬装外套棉衣立领修身商务大码男装潮牌上衣',899,358,'products/1/cs50007.png','【型男卖点简介】该款凭借其独特的设计、精选的面料和一致的时尚理念，以质感都市，充满时尚感的设计风格， 简约毛呢大衣，修身不变形，不起球，国际大牌一样的面料！面料成分：77.8%聚酯纤维+22.2%粘纤 秋冬简约修身防静电呢风衣外套',0,'2014-11-03 20:18:00',5),(49,'冬装外套棉衣立领修身商务大码男装潮牌上衣',899,358,'products/1/cs50008.png','【型男卖点简介】该款凭借其独特的设计、精选的面料和一致的时尚理念，以质感都市，充满时尚感的设计风格， 简约毛呢大衣，修身不变形，不起球，国际大牌一样的面料！面料成分：77.8%聚酯纤维+22.2%粘纤 秋冬简约修身防静电呢风衣外套',0,'2014-11-03 20:18:00',5),(50,'冬装外套棉衣立领修身商务大码男装潮牌上衣',899,358,'products/1/cs50009.png','【型男卖点简介】该款凭借其独特的设计、精选的面料和一致的时尚理念，以质感都市，充满时尚感的设计风格， 简约毛呢大衣，修身不变形，不起球，国际大牌一样的面料！面料成分：77.8%聚酯纤维+22.2%粘纤 秋冬简约修身防静电呢风衣外套',0,'2014-11-03 20:18:00',5),(51,'冬装外套棉衣立领修身商务大码男装潮牌上衣',899,358,'products/1/cs50010.png','【型男卖点简介】该款凭借其独特的设计、精选的面料和一致的时尚理念，以质感都市，充满时尚感的设计风格， 简约毛呢大衣，修身不变形，不起球，国际大牌一样的面料！面料成分：77.8%聚酯纤维+22.2%粘纤 秋冬简约修身防静电呢风衣外套',1,'2014-12-07 20:18:00',5),(52,'商务修身羊毛呢子风衣 中长款呢大衣外套',997,299,'products/1/cs60001.png','冬装新品首发！大牌做工，顶级羊毛呢面料，穿着舒适保暖，冬季潮男必备品！新品预售价299元，预计涨到398！不要拿市场上那些低劣的毛呢大衣相比较，一分价钱一分货哦！买到就是赚到，支持7天无理由退换货，尺码不对，可享受免费换货！',0,'2014-11-03 20:18:00',6),(53,'商务修身羊毛呢子风衣 中长款呢大衣外套',997,299,'products/1/cs60002.png','冬装新品首发！大牌做工，顶级羊毛呢面料，穿着舒适保暖，冬季潮男必备品！新品预售价299元，预计涨到398！不要拿市场上那些低劣的毛呢大衣相比较，一分价钱一分货哦！买到就是赚到，支持7天无理由退换货，尺码不对，可享受免费换货！',1,'2014-11-03 20:18:00',6),(54,'商务修身羊毛呢子风衣 中长款呢大衣外套',997,299,'products/1/cs60003.png','冬装新品首发！大牌做工，顶级羊毛呢面料，穿着舒适保暖，冬季潮男必备品！新品预售价299元，预计涨到398！不要拿市场上那些低劣的毛呢大衣相比较，一分价钱一分货哦！买到就是赚到，支持7天无理由退换货，尺码不对，可享受免费换货！',0,'2014-11-03 20:18:00',6),(55,'商务修身羊毛呢子风衣 中长款呢大衣外套',997,299,'products/1/cs60004.png','冬装新品首发！大牌做工，顶级羊毛呢面料，穿着舒适保暖，冬季潮男必备品！新品预售价299元，预计涨到398！不要拿市场上那些低劣的毛呢大衣相比较，一分价钱一分货哦！买到就是赚到，支持7天无理由退换货，尺码不对，可享受免费换货！',0,'2014-11-03 20:18:00',6),(56,'商务修身羊毛呢子风衣 中长款呢大衣外套',997,299,'products/1/cs60005.png','冬装新品首发！大牌做工，顶级羊毛呢面料，穿着舒适保暖，冬季潮男必备品！新品预售价299元，预计涨到398！不要拿市场上那些低劣的毛呢大衣相比较，一分价钱一分货哦！买到就是赚到，支持7天无理由退换货，尺码不对，可享受免费换货！',0,'2014-11-03 20:18:00',6),(57,'商务修身羊毛呢子风衣 中长款呢大衣外套',997,299,'products/1/cs60006.png','冬装新品首发！大牌做工，顶级羊毛呢面料，穿着舒适保暖，冬季潮男必备品！新品预售价299元，预计涨到398！不要拿市场上那些低劣的毛呢大衣相比较，一分价钱一分货哦！买到就是赚到，支持7天无理由退换货，尺码不对，可享受免费换货！',1,'2014-12-07 22:18:00',6),(58,'商务修身羊毛呢子风衣 中长款呢大衣外套',997,299,'products/1/cs60007.png','冬装新品首发！大牌做工，顶级羊毛呢面料，穿着舒适保暖，冬季潮男必备品！新品预售价299元，预计涨到398！不要拿市场上那些低劣的毛呢大衣相比较，一分价钱一分货哦！买到就是赚到，支持7天无理由退换货，尺码不对，可享受免费换货！',0,'2014-11-03 20:18:00',6),(59,'商务修身羊毛呢子风衣 中长款呢大衣外套',997,299,'products/1/cs60008.png','冬装新品首发！大牌做工，顶级羊毛呢面料，穿着舒适保暖，冬季潮男必备品！新品预售价299元，预计涨到398！不要拿市场上那些低劣的毛呢大衣相比较，一分价钱一分货哦！买到就是赚到，支持7天无理由退换货，尺码不对，可享受免费换货！',0,'2014-11-03 20:18:00',6),(60,'商务修身羊毛呢子风衣 中长款呢大衣外套',997,299,'products/1/cs60009.png','冬装新品首发！大牌做工，顶级羊毛呢面料，穿着舒适保暖，冬季潮男必备品！新品预售价299元，预计涨到398！不要拿市场上那些低劣的毛呢大衣相比较，一分价钱一分货哦！买到就是赚到，支持7天无理由退换货，尺码不对，可享受免费换货！',1,'2014-12-02 20:18:00',6),(61,'商务修身羊毛呢子风衣 中长款呢大衣外套',997,299,'products/1/cs60010.png','冬装新品首发！大牌做工，顶级羊毛呢面料，穿着舒适保暖，冬季潮男必备品！新品预售价299元，预计涨到398！不要拿市场上那些低劣的毛呢大衣相比较，一分价钱一分货哦！买到就是赚到，支持7天无理由退换货，尺码不对，可享受免费换货！',0,'2014-11-03 20:18:00',6),(62,'韩版修身羽绒服加厚保暖可脱卸帽',198,83,'products/1/cs70001.png','羽绒棉服，保暖性比普通棉服高出3倍，价格合适，比羽绒服便宜3倍，超高性价比～～现亏本冲业绩，活动过后涨价为198元哦，亲们速抢～～！！',1,'2014-11-03 20:18:00',7),(63,'韩版修身羽绒服加厚保暖可脱卸帽',198,83,'products/1/cs70002.png','羽绒棉服，保暖性比普通棉服高出3倍，价格合适，比羽绒服便宜3倍，超高性价比～～现亏本冲业绩，活动过后涨价为198元哦，亲们速抢～～！！',1,'2014-11-03 20:18:00',7),(64,'韩版修身羽绒服加厚保暖可脱卸帽',198,83,'products/1/cs70003.png','羽绒棉服，保暖性比普通棉服高出3倍，价格合适，比羽绒服便宜3倍，超高性价比～～现亏本冲业绩，活动过后涨价为198元哦，亲们速抢～～！！',0,'2014-11-03 20:18:00',7),(65,'韩版修身羽绒服加厚保暖可脱卸帽',198,83,'products/1/cs70004.png','羽绒棉服，保暖性比普通棉服高出3倍，价格合适，比羽绒服便宜3倍，超高性价比～～现亏本冲业绩，活动过后涨价为198元哦，亲们速抢～～！！',1,'2014-11-03 20:18:00',7),(66,'韩版修身羽绒服加厚保暖可脱卸帽',198,83,'products/1/cs70005.png','羽绒棉服，保暖性比普通棉服高出3倍，价格合适，比羽绒服便宜3倍，超高性价比～～现亏本冲业绩，活动过后涨价为198元哦，亲们速抢～～！！',0,'2014-11-03 20:18:00',7),(67,'韩版修身羽绒服加厚保暖可脱卸帽',198,83,'products/1/cs70006.png','羽绒棉服，保暖性比普通棉服高出3倍，价格合适，比羽绒服便宜3倍，超高性价比～～现亏本冲业绩，活动过后涨价为198元哦，亲们速抢～～！！',1,'2014-11-03 20:18:00',7),(68,'韩版修身羽绒服加厚保暖可脱卸帽',198,83,'products/1/cs70007.png','羽绒棉服，保暖性比普通棉服高出3倍，价格合适，比羽绒服便宜3倍，超高性价比～～现亏本冲业绩，活动过后涨价为198元哦，亲们速抢～～！！',1,'2014-12-04 20:18:00',7),(69,'韩版修身羽绒服加厚保暖可脱卸帽',198,83,'products/1/cs70008.png','羽绒棉服，保暖性比普通棉服高出3倍，价格合适，比羽绒服便宜3倍，超高性价比～～现亏本冲业绩，活动过后涨价为198元哦，亲们速抢～～！！',1,'2014-11-03 20:18:00',7),(70,'韩版修身羽绒服加厚保暖可脱卸帽',198,83,'products/1/cs70009.png','羽绒棉服，保暖性比普通棉服高出3倍，价格合适，比羽绒服便宜3倍，超高性价比～～现亏本冲业绩，活动过后涨价为198元哦，亲们速抢～～！！',0,'2014-11-03 20:18:00',7),(71,'韩版时尚女鞋，秋冬热卖款',128,98,'products/1/nvxie.jpg','韩版时尚女鞋，秋冬热卖款',1,'2017-03-01 08:11:14',9),(72,'韩版时尚女鞋，秋冬热卖款',120,88,'products/2/9/nvxie1.png','韩版时尚女鞋，秋冬热卖款',0,'2017-05-10 09:09:11',9),(73,'韩版时尚女鞋，秋冬热卖款',120,88,'products/2/9/nvxie2.png','韩版时尚女鞋，秋冬热卖款',0,'2017-05-10 09:09:11',9),(74,'韩版时尚女鞋，秋冬热卖款',120,88,'products/2/9/nvxie3.png','韩版时尚女鞋，秋冬热卖款',0,'2017-05-10 09:09:11',9),(75,'韩版时尚女鞋，秋冬热卖款',120,88,'products/2/9/nvxie4.png','韩版时尚女鞋，秋冬热卖款',0,'2017-05-10 09:09:11',9),(76,'韩版时尚女鞋，秋冬热卖款',120,88,'products/2/9/nvxie5.png','韩版时尚女鞋，秋冬热卖款',0,'2017-05-10 09:09:11',9),(77,'韩版时尚短鞋，秋冬热卖款',120,88,'products/2/10/duanxue1.png','韩版时尚短鞋，秋冬热卖款',0,'2017-05-10 09:09:11',10),(78,'韩版时尚短鞋，秋冬热卖款',120,88,'products/2/10/duanxue2.png','韩版时尚短鞋，秋冬热卖款',0,'2017-05-10 09:09:11',10),(79,'韩版时尚短鞋，秋冬热卖款',120,88,'products/2/10/duanxue3.png','韩版时尚短鞋，秋冬热卖款',0,'2017-05-10 09:09:11',10),(80,'韩版时尚短鞋，秋冬热卖款',120,88,'products/2/10/duanxue4.png','韩版时尚短鞋，秋冬热卖款',0,'2017-05-10 09:09:11',10),(81,'韩版时尚短鞋，秋冬热卖款',120,88,'products/2/10/duanxue5.png','韩版时尚短鞋，秋冬热卖款',0,'2017-05-10 09:09:11',10),(82,'韩版时尚短鞋，秋冬热卖款',120,88,'products/2/10/duanxue6.png','韩版时尚短鞋，秋冬热卖款',0,'2017-05-10 09:09:11',10),(83,'韩版时尚短鞋，秋冬热卖款',120,88,'products/2/10/duanxue7.png','韩版时尚短鞋，秋冬热卖款',0,'2017-05-10 09:09:11',10),(84,'韩版时尚短鞋，秋冬热卖款',120,88,'products/2/10/duanxue8.png','韩版时尚短鞋，秋冬热卖款',0,'2017-05-10 09:09:11',10),(85,'韩版时尚短鞋，秋冬热卖款',120,88,'products/2/10/duanxue9.png','韩版时尚短鞋，秋冬热卖款',0,'2017-05-10 09:09:11',10),(86,'韩版时尚短鞋，秋冬热卖款',120,88,'products/2/10/duanxue10.png','韩版时尚短鞋，秋冬热卖款',0,'2017-05-10 09:09:11',10),(87,'韩版时尚男鞋，秋冬热卖款',120,88,'products/2/11/nanxie1.png','韩版时尚男鞋，秋冬热卖款',0,'2017-05-10 09:09:11',11),(88,'韩版时尚男鞋，秋冬热卖款',120,88,'products/2/11/nanxie2.png','韩版时尚男鞋，秋冬热卖款',0,'2017-05-10 09:09:11',11),(89,'韩版时尚男鞋，秋冬热卖款',120,88,'products/2/11/nanxie3.png','韩版时尚男鞋，秋冬热卖款',0,'2017-05-10 09:09:11',11),(90,'韩版时尚男鞋，秋冬热卖款',120,88,'products/2/11/nanxie4.png','韩版时尚男鞋，秋冬热卖款',0,'2017-05-10 09:09:11',11),(91,'韩版时尚男鞋，秋冬热卖款',120,88,'products/2/11/nanxie5.png','韩版时尚男鞋，秋冬热卖款',0,'2017-05-10 09:09:11',11),(92,'韩版时尚女包，秋冬热卖款',120,88,'products/2/12/nvbao1.png','韩版时尚女包，秋冬热卖款',0,'2017-05-10 09:09:11',12),(93,'韩版时尚女包，秋冬热卖款',120,88,'products/2/12/nvbao2.png','韩版时尚女包，秋冬热卖款',0,'2017-05-10 09:09:11',12),(94,'韩版时尚女包，秋冬热卖款',120,88,'products/2/12/nvbao3.png','韩版时尚女包，秋冬热卖款',0,'2017-05-10 09:09:11',12),(95,'韩版时尚女包，秋冬热卖款',120,88,'products/2/12/nvbao4.png','韩版时尚女包，秋冬热卖款',0,'2017-05-10 09:09:11',12),(96,'韩版时尚女包，秋冬热卖款',120,88,'products/2/12/nvbao5.png','韩版时尚女包，秋冬热卖款',0,'2017-05-10 09:09:11',12),(97,'韩版时尚男包，秋冬热卖款',120,88,'products/2/13/nanbao1.png','韩版时尚女包，秋冬热卖款',0,'2017-05-10 09:09:11',13),(98,'韩版时尚男包，秋冬热卖款',120,88,'products/2/13/nanbao2.png','韩版时尚女包，秋冬热卖款',0,'2017-05-10 09:09:11',13),(99,'韩版时尚男包，秋冬热卖款',120,88,'products/2/13/nanbao3.png','韩版时尚女包，秋冬热卖款',0,'2017-05-10 09:09:11',13),(100,'韩版时尚男包，秋冬热卖款',120,88,'products/2/13/nanbao4.png','韩版时尚女包，秋冬热卖款',0,'2017-05-10 09:09:11',13),(101,'韩版时尚男包，秋冬热卖款',120,88,'products/2/13/nanbao5.png','韩版时尚女包，秋冬热卖款',0,'2017-05-10 09:09:11',13),(102,'韩版时尚服饰配件，秋冬热卖款',120,88,'products/2/14/fushipeijian1.png','韩版时尚服饰配件，秋冬热卖款',0,'2017-05-10 09:09:11',14),(103,'韩版时尚服饰配件，秋冬热卖款',120,88,'products/2/14/fushipeijian2.png','韩版时尚服饰配件，秋冬热卖款',0,'2017-05-10 09:09:11',14),(104,'韩版时尚服饰配件，秋冬热卖款',120,88,'products/2/14/fushipeijian3.png','韩版时尚服饰配件，秋冬热卖款',0,'2017-05-10 09:09:11',14),(105,'韩版时尚服饰配件，秋冬热卖款',120,88,'products/2/14/fushipeijian4.png','韩版时尚服饰配件，秋冬热卖款',0,'2017-05-10 09:09:11',14),(106,'韩版时尚服饰配件，秋冬热卖款',120,88,'products/2/14/fushipeijian5.png','韩版时尚服饰配件，秋冬热卖款',0,'2017-05-10 09:09:11',14);

/*Table structure for table `user` */

DROP TABLE IF EXISTS `user`;

CREATE TABLE `user` (
  `uid` int(11) NOT NULL AUTO_INCREMENT,
  `username` varchar(255) DEFAULT NULL,
  `password` varchar(255) DEFAULT NULL,
  `name` varchar(255) DEFAULT NULL,
  `email` varchar(255) DEFAULT NULL,
  `phone` varchar(255) DEFAULT NULL,
  `addr` varchar(255) DEFAULT NULL,
  `state` int(11) DEFAULT NULL,
  `code` varchar(64) DEFAULT NULL,
  PRIMARY KEY (`uid`)
) ENGINE=InnoDB AUTO_INCREMENT=25 DEFAULT CHARSET=utf8;

/*Data for the table `user` */

insert  into `user`(`uid`,`username`,`password`,`name`,`email`,`phone`,`addr`,`state`,`code`) values (7,'aaa','aaa','','aaa@shop.com','15726607618','山东理工大学东校区',1,NULL),(8,'bbb','bbb','张三','bbb@shop.com','18726607618','山东理工大学东校区',1,''),(16,'mr','111','马锐','aaa@mashop.com','18766952538','山东理工大学东校区',1,NULL),(17,'mr2','111','马锐','aaa@mashop.com','111','111',1,NULL),(18,'marui','111','马锐','aaa@mashop.com','1876695251','山东理工大学东校区',1,NULL),(19,'marui1','111','马锐','aaa@mashop.com','1876695251','山东理工大学东校区',1,NULL),(20,'ma','1234','maxi','18766952589@163.com','18766952589','山东理工大学东校区',0,'a7b4a3c544b546a69492df3cdbe8f98b7336f82beae14f10a8dddc7138688f5f'),(21,'ss','ss','南海十三郎','fsdafsdaf@qq.com','2343214234234','42314324234',0,'b3b91c7b12324c88972ea2af8a098a33a21295852b9d4c73a8a9e17d9c979e2d'),(22,'hyl','111','s','aaa@mashop.com','11111111111','11111111111111',0,'8546e24da93c471693f5e7ec5dd5f3239153a9c568ef4e93a12a02d1fb90cb4c'),(24,'hyl','111','s','aaa@mashop.com','11111111111','11111111111111',0,'076acc683cd64d888e9139ce0558a72f9b570861df5b4c5c901667cbb16242da');

/*!40101 SET SQL_MODE=@OLD_SQL_MODE */;
/*!40014 SET FOREIGN_KEY_CHECKS=@OLD_FOREIGN_KEY_CHECKS */;
/*!40014 SET UNIQUE_CHECKS=@OLD_UNIQUE_CHECKS */;
/*!40111 SET SQL_NOTES=@OLD_SQL_NOTES */;
